{
  "logistic_regression_roc_auc": 0.620988178849507,
  "random_forest_roc_auc": 0.5834640348800505,
  "xgboost_tuned_roc_auc": 0.6281121764520202,
  "best_params_xgb": {
    "classifier__colsample_bytree": 1.0,
    "classifier__learning_rate": 0.05,
    "classifier__max_depth": 3,
    "classifier__n_estimators": 150,
    "classifier__subsample": 0.8
  },
  "thresholds": {
    "0.5": {
      "confusion_matrix": [
        [
          4031,
          1
        ],
        [
          1056,
          0
        ]
      ],
      "report": {
        "0": {
          "precision": 0.7924120306664045,
          "recall": 0.9997519841269841,
          "f1-score": 0.8840881675622327,
          "support": 4032.0
        },
        "1": {
          "precision": 0.0,
          "recall": 0.0,
          "f1-score": 0.0,
          "support": 1056.0
        },
        "accuracy": 0.7922562893081762,
        "macro avg": {
          "precision": 0.39620601533320227,
          "recall": 0.49987599206349204,
          "f1-score": 0.44204408378111637,
          "support": 5088.0
        },
        "weighted avg": {
          "precision": 0.6279491563771508,
          "recall": 0.7922562893081762,
          "f1-score": 0.7005981705210146,
          "support": 5088.0
        }
      }
    },
    "0.4": {
      "confusion_matrix": [
        [
          3998,
          34
        ],
        [
          1035,
          21
        ]
      ],
      "report": {
        "0": {
          "precision": 0.7943572422014703,
          "recall": 0.9915674603174603,
          "f1-score": 0.8820739106453392,
          "support": 4032.0
        },
        "1": {
          "precision": 0.38181818181818183,
          "recall": 0.019886363636363636,
          "f1-score": 0.037803780378037805,
          "support": 1056.0
        },
        "accuracy": 0.7898977987421384,
        "macro avg": {
          "precision": 0.588087712009826,
          "recall": 0.505726911976912,
          "f1-score": 0.4599388455116885,
          "support": 5088.0
        },
        "weighted avg": {
          "precision": 0.7087359277822972,
          "recall": 0.7898977987421384,
          "f1-score": 0.7068480345521257,
          "support": 5088.0
        }
      }
    }
  }
}